seed,yolov8n_accuracy,yolo11n_accuracy,accuracy_diff_yolov8n_minus_yolo11n,accuracy_winner,yolov8n_correct,yolo11n_correct,correct_diff_yolov8n_minus_yolo11n,yolov8n_inference_ms_avg,yolo11n_inference_ms_avg,inference_ms_avg_diff_yolov8n_minus_yolo11n,inference_ms_avg_winner_lower_is_better,yolov8n_total_pipeline_ms_avg,yolo11n_total_pipeline_ms_avg,total_pipeline_ms_avg_diff_yolov8n_minus_yolo11n,total_pipeline_ms_avg_winner_lower_is_better,yolov8n_fps_total_pipeline,yolo11n_fps_total_pipeline,fps_total_pipeline_diff_yolov8n_minus_yolo11n,fps_total_pipeline_winner,yolov8n_model_size_mb,yolo11n_model_size_mb,model_size_mb_diff_yolov8n_minus_yolo11n,model_size_winner_lower_is_better
1,0.9,0.8625,0.03749999999999998,yolov8n,648,621,27,7.774223472012414,7.954734027385712,-0.18051055537329752,yolov8n,9.051845603519016,9.22217522594664,-0.17032962242762295,yolov8n,110.47470800995961,108.43428751890278,2.0404204910568353,yolov8n,5.5311479568481445,5.895237922668457,-0.3640899658203125,yolov8n
2,0.875,0.8986111111111111,-0.023611111111111138,yolo11n,630,647,-17,7.755712327692244,7.862182872825199,-0.10647054513295462,yolov8n,9.02592024008433,9.134953600830501,-0.10903336074617087,yolov8n,110.79202711752048,109.46963101258504,1.3223961049354358,yolov8n,5.5311479568481445,5.895237922668457,-0.3640899658203125,yolov8n
3,0.8569444444444444,0.8583333333333333,-0.001388888888888884,yolo11n,617,618,-1,7.903443123234643,7.923924556043413,-0.020481432808769462,yolov8n,9.176251867082383,9.23529417514801,-0.05904230806562616,yolov8n,108.97695643983593,108.28025410289364,0.6967023369422947,yolov8n,5.5311479568481445,5.895237922668457,-0.3640899658203125,yolov8n
4,0.875,0.8888888888888888,-0.01388888888888884,yolo11n,630,640,-10,7.960613271925184,7.935584975613488,0.025028296311695897,yolo11n,9.282450257407294,9.208630147245195,0.07382011016209944,yolo11n,107.7301760062771,108.59378474431995,-0.8636087380428421,yolo11n,5.5311479568481445,5.895237922668457,-0.3640899658203125,yolov8n
5,0.8875,0.8791666666666667,0.008333333333333304,yolov8n,639,633,6,8.229232091373868,8.268968590100606,-0.03973649872673768,yolov8n,9.531947800848219,9.578719335132176,-0.046771534283957195,yolov8n,104.91035210148897,104.39808966239025,0.5122624390987198,yolov8n,5.5311479568481445,5.895237922668457,-0.3640899658203125,yolov8n
6,0.8805555555555555,0.8916666666666667,-0.011111111111111183,yolo11n,634,642,-8,8.28684898879793,8.268067020840116,0.01878196795781406,yolo11n,9.601956159538693,9.575703472561306,0.026252686977386475,yolo11n,104.14544530143355,104.4309697836247,-0.2855244821911498,yolo11n,5.5311479568481445,5.895237922668457,-0.3640899658203125,yolov8n
7,0.8833333333333333,0.8875,-0.004166666666666652,yolo11n,636,639,-3,8.319554093148973,8.343995124763913,-0.02444103161493949,yolov8n,9.652930708726247,9.671412838829887,-0.018482130103640415,yolov8n,103.59548101759398,103.39750940887212,0.1979716087218577,yolov8n,5.5311479568481445,5.895237922668457,-0.3640899658203125,yolov8n
8,0.8763888888888889,0.8541666666666666,0.022222222222222254,yolov8n,631,615,16,8.39203097290463,8.381209455596077,0.010821517308553297,yolo11n,9.746026367611355,9.714180070824094,0.03184629678726125,yolo11n,102.6059198160254,102.94229597446261,-0.33637615843720425,yolo11n,5.5311479568481445,5.895237922668457,-0.3640899658203125,yolov8n
9,0.9013888888888889,0.8777777777777778,0.023611111111111138,yolov8n,649,632,17,8.373361800776587,8.555743572447035,-0.1823817716704479,yolov8n,9.743953504827287,9.904810236559975,-0.16085673173268766,yolov8n,102.62774750562863,100.96104580669973,1.6667016989289039,yolov8n,5.5311479568481445,5.895237922668457,-0.3640899658203125,yolov8n
10,0.8958333333333334,0.8694444444444445,0.026388888888888906,yolov8n,645,626,19,8.5188057674302,8.404206400447421,0.1145993669827785,yolo11n,9.875966817802853,9.725494276152716,0.1504725416501369,yolo11n,101.25590926423081,102.822537508663,-1.566628244432195,yolo11n,5.5311479568481445,5.895237922668457,-0.3640899658203125,yolov8n
11,0.8916666666666667,0.8638888888888889,0.02777777777777779,yolov8n,642,622,20,8.452520435386234,8.597786218590207,-0.145265783203973,yolov8n,9.816251712375218,9.938525558842553,-0.12227384646733519,yolov8n,101.87187831983906,100.61854689403854,1.2533314258005106,yolov8n,5.5311479568481445,5.895237922668457,-0.3640899658203125,yolov8n
12,0.8847222222222222,0.8777777777777778,0.00694444444444442,yolov8n,637,632,5,8.489317927095625,8.739700147840711,-0.2503822207450863,yolov8n,9.825378905402289,10.091208702988094,-0.2658297975858055,yolov8n,101.77724539968325,99.09615680665601,2.6810885930272406,yolov8n,5.5311479568481445,5.895237922668457,-0.3640899658203125,yolov8n
13,0.8777777777777778,0.8847222222222222,-0.00694444444444442,yolo11n,632,637,-5,8.582522523403167,8.65671633746889,-0.07419381406572256,yolov8n,9.947960815164778,10.013468631108601,-0.06550781594382293,yolov8n,100.52311409144166,99.86549484894017,0.6576192425014824,yolov8n,5.5311479568481445,5.895237922668457,-0.3640899658203125,yolov8n
14,0.875,0.8888888888888888,-0.01388888888888884,yolo11n,630,640,-10,8.637949866718715,8.629655566480425,0.008294300238290475,yolo11n,10.031443854173025,9.998653434382545,0.03279041979048003,yolo11n,99.6865470750759,100.01346746965771,-0.3269203945818191,yolo11n,5.5311479568481445,5.895237922668457,-0.3640899658203125,yolov8n
15,0.8805555555555555,0.8611111111111112,0.019444444444444375,yolov8n,634,620,14,8.770473527908326,8.917096590995788,-0.1466230630874623,yolov8n,10.190361883905199,10.305166905456119,-0.11480502155091976,yolov8n,98.13194186748305,97.03870002052517,1.0932418469578806,yolov8n,5.5311479568481445,5.895237922668457,-0.3640899658203125,yolov8n
16,0.8777777777777778,0.8819444444444444,-0.004166666666666652,yolo11n,632,635,-3,8.91766386297014,8.831728561719258,0.085935301250883,yolo11n,10.346721031930711,10.224462155501048,0.12225887642966349,yolo11n,96.64897670613999,97.80465561819034,-1.1556789120503481,yolo11n,5.5311479568481445,5.895237922668457,-0.3640899658203125,yolov8n
17,0.8791666666666667,0.8902777777777777,-0.011111111111111072,yolo11n,633,641,-8,8.733395461241404,8.948200676176283,-0.21480521493487892,yolov8n,10.151790083779229,10.362929573323992,-0.21113948954476314,yolov8n,98.50479489305278,96.49780913055477,2.0069857624980045,yolov8n,5.5311479568481445,5.895237922668457,-0.3640899658203125,yolov8n
18,0.8986111111111111,0.8875,0.011111111111111183,yolov8n,647,639,8,8.83405665953954,8.879201375113594,-0.04514471557405386,yolov8n,10.327234447002411,10.276587312751346,0.05064713425106504,yolo11n,96.83134484181876,97.30856845435301,-0.47722361253424594,yolo11n,5.5311479568481445,5.895237922668457,-0.3640899658203125,yolov8n
19,0.8819444444444444,0.8944444444444445,-0.012500000000000067,yolo11n,635,644,-9,8.781506310568915,8.898030723465814,-0.11652441289689897,yolov8n,10.23012251721488,10.306357318825192,-0.07623480161031182,yolov8n,97.75053996833725,97.02749177669581,0.7230481916414391,yolov8n,5.5311479568481445,5.895237922668457,-0.3640899658203125,yolov8n
20,0.8847222222222222,0.8625,0.022222222222222143,yolov8n,637,621,16,8.87983610894945,9.053245978885228,-0.173409869935778,yolov8n,10.31402600871192,10.475411176681519,-0.16138516796959834,yolov8n,96.95534984644529,95.4616466250051,1.4937032214401853,yolov8n,5.5311479568481445,5.895237922668457,-0.3640899658203125,yolov8n
